11000, 5, /data/simple/testSwap_1.matrix, object normalized
13.54399991
0, 8695, 0.937162933, 1.963000059
1, 1253, 0.8689105102, 0.2939999104
2, 395, 0.1809988319, 0.09300017357
3, 206, 0.09603345301, 0.0490000248
4, 84, 0.06601579194, 0.02099990845
5, 67, 0.03611406663, 0.01600003242
6, 51, 0.020797152, 0.01300001144
7, 39, 0.01682585473, 0.009999990463
8, 19, 0.009104538767, 0.004999876022
9, 6, 0.002491319531, 0.003000020981
10, 0, 0, 0
11, 10815, 2.467000008
16.01099992
